Model,Accuracy,Precision,Recall,F1 Score
lightgbm,0.993103448275862,0.9931386347642506,0.993103448275862,0.9931033566516861
randomforest,0.993103448275862,0.9931386347642506,0.993103448275862,0.9931033566516861
xgboost,0.9862068965517241,0.9864532019704433,0.9862068965517241,0.9862055946546244
catboost,0.9862068965517241,0.9864532019704433,0.9862068965517241,0.9862055946546244
